Gene Number,Cell Number,Expression
9,2,1.07
8,5,0.8
8,8,0.81
8,10,3.81
9,10,2.42
8,11,1.35
9,12,1.38
8,13,0.72
9,14,0.74
9,18,1.68
8,19,0.75
8,20,0.62
9,20,0.62
9,21,0.99
8,28,1.35
9,31,0.64
9,35,1.8
8,38,0.75
9,40,2.57
8,41,1.08
9,41,1.08
9,42,1.08
9,45,0.77
9,47,1.16
8,48,0.59
9,48,1.59
8,52,0.44
9,52,0.77
9,57,1.55
8,60,1.29
8,65,1.61
8,68,3.44
9,68,2.79
5,69,3.77
7,69,1.1
8,73,1.22
9,73,2.32
8,75,0.57
1,76,0.82
9,76,0.82
9,77,1.66
8,78,1.62
9,79,1.02
8,80,0.84
9,80,0.84
8,82,1.53
9,82,1.53
8,85,2.09
9,91,1.09
8,94,0.65
9,96,1.06
8,97,0.91
9,98,0.9
9,99,0.94
9,100,2.71
9,104,0.91
9,105,1.48
8,106,0.89
9,106,0.51
8,110,1.97
8,115,1.23
9,120,1.37
9,123,1.68
8,131,1.06
9,131,1.4
9,133,1.24
8,135,1.24
9,136,2.05
9,137,1.76
8,138,1.45
9,138,1.11
8,140,1.44
9,141,1.17
8,144,0.47
8,145,0.63
9,145,1.06
8,150,1.82
9,150,1.82
8,151,0.93
4,152,0.67
8,154,1.14
9,154,1.14
9,155,1.22
8,159,1.22
9,159,0.74
9,161,1.46
9,164,0.96
8,165,2.08
8,169,2.37
9,169,2.64
9,170,2.18
9,171,0.81
9,173,1.1
9,175,1.51
8,178,0.96
9,179,1.24
9,181,1.12
9,184,1.86
8,186,0.91
9,186,2.18
8,189,1.3
9,189,2.43
3,193,1.01
8,193,1.01
9,193,1.01
9,197,0.7
8,201,0.9
9,202,0.65
9,203,2.37
9,204,1.43
5,206,1.19
8,206,1.19
1,207,0.46
9,207,0.81
8,209,1.23
8,211,0.94
8,212,2.35
9,213,0.95
8,214,1.53
9,214,1.27
8,217,0.85
8,218,1.37
9,218,0.84
9,219,1.34
8,221,1.04
9,221,1.37
5,223,1.12
9,223,1.12
8,224,1.0
9,224,1.0
9,226,1.03
3,231,1.42
9,231,1.42
9,232,0.87
9,233,1.12
9,234,1.46
8,237,1.26
9,238,1.54
8,239,2.11
8,241,0.96
9,241,0.96
8,242,0.77
9,242,0.77
9,245,2.19
9,247,1.67
9,248,1.77
8,249,1.11
9,249,1.11
9,250,0.65
9,252,2.27
9,253,1.41
9,254,1.91
8,258,0.89
9,258,0.89
9,259,0.78
8,261,1.04
9,261,1.64
9,262,2.23
8,263,1.27
9,263,1.27
1,265,1.95
8,268,1.99
9,269,1.38
8,272,0.52
5,275,1.92
9,275,1.26
8,276,0.65
9,276,0.65
9,277,1.1
9,284,1.39
8,285,1.59
9,288,0.67
9,290,1.45
9,293,0.86
8,294,1.57
8,295,1.55
9,295,0.97
9,296,0.66
8,299,1.76
9,303,1.02
9,307,1.06
9,309,1.72
8,310,2.66
9,311,1.08
9,312,1.24
8,313,1.42
8,316,1.33
9,317,1.41
8,320,1.32
9,320,0.8
9,323,1.51
9,325,0.81
9,326,0.95
9,328,1.66
9,329,0.82
8,330,1.56
9,330,1.56
9,331,0.95
9,332,0.88
2,333,2.84
3,333,4.03
4,333,4.28
5,333,5.36
6,333,3.35
7,333,5.25
9,333,2.03
9,334,1.49
8,335,1.33
9,335,1.33
5,337,2.23
8,341,1.16
8,343,0.74
9,343,0.74
8,344,2.07
8,345,1.23
8,348,1.12
9,348,0.67
9,349,1.75
9,350,1.23
9,352,1.2
8,353,1.51
9,353,1.51
9,354,1.51
8,355,1.33
9,358,1.06
9,359,0.71
8,360,1.14
1,361,1.8
9,363,1.11
9,364,2.31
8,366,0.83
9,367,0.96
8,368,0.87
9,368,0.87
9,369,1.62
9,372,1.26
5,374,1.17
9,375,0.65
9,377,1.12
9,385,1.63
9,386,1.33
8,388,1.94
9,393,1.01
1,394,1.53
8,394,0.96
9,395,1.09
8,396,2.19
9,396,2.19
8,397,1.8
9,397,1.16
9,402,1.66
9,403,1.38
9,405,1.96
8,410,1.24
9,410,1.24
8,412,1.47
8,413,1.29
8,414,1.57
9,414,1.57
9,416,1.8
9,418,0.78
9,420,0.59
8,423,1.19
9,423,0.71
9,424,1.68
9,425,1.01
9,426,1.33
9,427,1.6
9,428,1.48
8,433,0.81
9,433,1.32
9,435,2.8
9,436,1.35
8,439,2.27
8,443,0.72
9,444,2.19
8,445,1.03
9,445,1.03
9,446,1.6
8,448,1.23
9,449,1.04
9,451,0.8
8,452,1.14
9,453,2.19
8,454,1.87
9,455,1.92
9,456,3.11
8,460,2.3
8,461,0.83
9,461,1.74
8,463,0.72
9,463,0.72
8,464,1.24
8,465,0.92
9,465,0.92
8,468,2.04
9,469,1.15
8,471,0.63
9,471,0.63
9,476,0.91
9,478,0.77
9,483,2.42
8,484,1.36
9,486,1.37
8,487,2.53
9,489,1.18
8,494,1.36
8,495,1.3
9,495,0.79
8,496,1.98
8,499,1.58
8,502,1.89
8,503,2.06
9,505,1.75
9,510,2.02
9,513,0.95
8,514,1.13
9,517,1.95
9,519,0.7
9,520,0.85
9,526,2.73
8,527,2.0
9,527,0.81
9,529,2.21
8,531,1.39
1,532,1.04
8,533,1.05
9,533,1.65
9,535,1.19
8,537,1.18
9,537,1.82
9,538,1.08
9,539,0.78
8,540,1.9
9,541,0.9
8,544,1.14
8,549,0.82
9,549,0.82
8,551,1.09
9,553,1.69
8,554,1.93
9,555,1.79
8,556,2.03
8,557,3.04
1,558,0.83
8,558,0.83
9,558,1.35
8,562,2.48
8,566,0.72
8,567,1.38
8,578,1.33
9,578,1.71
9,579,1.48
9,580,0.91
8,582,1.03
9,582,1.03
8,584,1.83
8,589,1.81
9,589,1.17
9,595,0.73
8,596,1.29
9,600,1.27
9,603,2.5
9,604,0.98
8,606,2.18
8,607,0.65
9,608,2.28
9,610,2.26
9,614,1.33
1,616,0.79
8,616,0.79
9,616,1.29
8,618,1.52
9,618,2.25
8,624,2.1
9,627,1.53
9,628,1.23
9,629,0.68
9,630,0.71
8,631,0.73
9,631,1.58
9,632,2.28
8,634,0.98
9,634,0.98
8,637,1.47
9,638,1.8
9,642,1.79
9,643,1.99
8,645,1.07
9,645,1.07
9,649,2.64
9,650,1.18
9,653,0.61
9,654,1.09
8,655,1.97
9,655,1.97
8,657,2.11
9,657,1.41
9,663,1.76
8,664,1.89
9,665,2.11
8,666,0.71
9,666,0.71
8,667,0.67
9,667,0.67
8,669,1.46
9,670,0.77
2,673,3.12
3,673,4.03
4,673,2.27
5,673,5.43
6,673,4.03
7,673,4.03
8,673,5.43
9,673,4.33
9,675,0.97
9,678,1.05
9,679,2.01
9,680,1.65
8,682,1.03
9,682,0.61
9,683,0.63
9,685,1.39
9,686,1.15
9,687,0.68
9,688,1.74
9,691,1.08
8,692,0.93
9,696,1.21
1,699,1.57
9,699,3.14
9,700,2.0
9,701,1.79
8,703,0.79
9,703,1.3
8,705,1.36
8,708,0.66
9,709,0.53
9,711,1.36
9,715,1.57
8,716,0.98
9,716,0.98
8,717,2.06
9,717,3.88
1,719,4.24
3,719,4.58
4,719,2.61
5,719,5.1
6,719,1.83
8,719,5.77
9,719,3.49
9,720,1.49
5,721,0.9
8,721,0.9
9,721,1.85
9,723,1.08
8,724,0.7
9,724,1.53
8,725,1.28
8,726,1.79
8,727,0.82
9,727,0.82
9,729,1.08
9,730,2.31
9,731,2.06
9,733,2.44
8,734,0.79
9,734,1.3
9,737,1.57
8,739,1.5
9,740,2.45
9,741,1.59
8,742,1.72
8,745,0.74
9,745,0.74
9,747,1.1
8,748,1.41
9,750,1.03
8,752,0.79
8,755,1.25
9,755,2.35
8,756,1.39
9,756,1.39
8,759,0.64
9,759,1.09
9,760,1.07
1,762,0.53
8,762,0.53
9,762,0.92
3,770,1.32
8,771,1.25
9,771,1.25
8,772,1.59
9,772,2.0
9,775,1.67
8,777,1.65
9,777,2.4
8,778,1.57
8,779,0.92
8,780,2.02
1,781,1.06
9,781,1.06
9,782,1.3
9,783,1.54
9,784,1.24
8,786,0.79
9,786,0.79
8,788,1.5
9,790,1.53
8,792,0.91
9,792,1.46
9,796,0.92
5,800,1.16
1,802,0.58
9,802,0.58
8,803,1.71
9,804,1.31
8,807,1.22
9,807,1.22
8,808,0.86
8,811,1.25
9,811,1.25
8,815,0.67
8,816,0.66
9,816,0.66
8,820,0.78
9,821,2.22
9,822,1.23
8,823,2.18
9,827,0.67
1,828,1.42
9,828,0.88
9,830,2.3
8,832,0.67
9,833,1.44
8,836,1.54
8,837,1.4
9,837,1.4
8,838,1.19
9,843,0.91
8,844,2.22
9,844,1.79
8,845,1.1
8,846,0.99
8,849,1.94
8,851,1.59
8,852,2.16
8,855,0.69
9,855,0.69
8,859,0.9
8,862,3.49
9,863,1.52
5,865,1.03
9,866,1.14
9,869,1.35
9,870,1.61
1,873,1.4
8,873,2.1
9,874,0.79
9,877,1.19
8,879,1.07
9,879,1.07
8,880,0.82
9,880,1.34
8,881,0.81
9,881,0.81
8,882,0.76
9,882,0.76
9,886,1.35
8,887,1.49
9,887,0.93
9,889,0.79
9,894,1.12
8,896,1.12
9,896,1.12
8,897,1.8
8,898,2.58
9,898,1.16
9,903,2.62
8,904,0.87
9,904,0.87
8,905,1.55
9,907,1.4
9,908,1.69
9,909,0.85
9,910,0.9
9,912,1.23
8,913,1.08
8,916,1.07
9,916,1.07
9,918,1.94
1,919,0.99
9,920,2.71
9,924,2.58
8,925,0.61
9,926,2.74
9,927,0.79
9,928,0.97
8,929,0.8
8,934,2.59
8,938,2.72
9,939,1.36
9,942,1.03
9,944,2.36
9,947,3.1
9,948,1.21
8,949,1.36
5,950,1.58
9,952,0.99
9,954,0.73
8,956,0.65
1,957,0.6
8,957,0.6
9,957,1.62
8,959,1.73
8,960,1.96
9,963,0.54
8,964,1.05
8,965,0.86
9,966,0.64
8,968,0.74
8,969,1.62
8,970,1.3
8,971,0.73
9,972,1.21
1,974,0.77
8,974,0.77
9,974,1.63
9,977,0.97
8,978,0.78
8,979,1.24
8,980,1.43
9,980,2.14
8,983,1.54
8,986,0.75
9,986,1.24
8,987,1.32
9,988,1.21
8,991,2.05
9,991,1.36
9,993,0.79
8,994,0.74
9,995,1.54
8,996,1.69
9,997,2.38
9,998,0.95
8,999,1.1
9,1001,0.72
9,1003,1.18
8,1007,1.39
9,1008,1.11
9,1009,1.47
1,1011,0.95
8,1011,0.95
9,1011,0.95
9,1016,0.92
8,1019,1.18
9,1020,0.85
8,1023,1.28
9,1027,1.15
8,1031,1.4
8,1033,1.64
8,1035,1.46
8,1037,1.74
8,1039,0.58
8,1041,2.62
9,1041,0.89
8,1042,1.28
8,1043,0.75
8,1044,0.74
9,1047,1.75
8,1049,1.91
3,1053,5.58
4,1053,1.97
5,1053,5.82
6,1053,1.97
7,1053,3.29
8,1053,4.42
9,1053,4.92
8,1058,1.34
9,1065,1.51
9,1066,0.75
8,1068,1.26
9,1068,1.26
9,1069,1.49
9,1072,1.6
9,1073,1.14
8,1074,2.78
9,1076,1.74
2,1080,2.25
3,1080,4.96
4,1080,2.25
5,1080,6.18
6,1080,2.25
7,1080,3.09
8,1080,5.27
9,1080,3.62
8,1083,1.29
9,1089,0.96
8,1091,1.68
9,1091,0.8
9,1092,2.59
9,1096,1.81
8,1097,0.9
8,1098,1.96
9,1098,1.96
8,1100,0.99
9,1100,1.98
8,1102,0.9
9,1102,0.9
9,1103,1.6
8,1106,1.13
9,1106,0.67
8,1107,1.85
9,1107,1.85
9,1110,1.49
9,1111,1.93
9,1112,1.66
8,1114,0.75
8,1116,0.69
8,1117,1.9
8,1119,1.47
9,1121,1.41
9,1122,2.15
9,1123,1.75
9,1130,1.91
8,1132,1.08
9,1132,1.08
9,1134,2.21
8,1136,0.79
9,1137,0.73
9,1139,0.5
8,1141,1.24
9,1141,1.24
9,1146,0.97
9,1152,2.22
9,1155,1.69
8,1158,1.37
9,1161,1.85
9,1162,2.24
8,1163,1.22
9,1165,0.76
8,1171,1.92
9,1174,0.89
9,1176,1.9
8,1178,1.18
8,1179,2.02
9,1179,2.02
8,1180,1.34
8,1181,0.92
9,1181,0.92
8,1182,0.85
9,1182,0.85
8,1185,1.24
9,1185,1.24
9,1187,1.43
9,1189,1.75
8,1191,1.86
9,1191,0.91
9,1192,1.34
8,1193,1.39
9,1193,1.39
8,1198,1.9
9,1201,1.76
8,1203,0.87
9,1206,1.84
8,1208,1.42
9,1208,1.42
8,1210,1.61
8,1213,1.74
9,1216,1.84
8,1218,1.12
9,1219,1.92
9,1220,1.47
9,1221,2.74
9,1222,2.26
8,1223,0.65
9,1225,1.54
9,1226,0.67
8,1227,2.16
9,1228,1.12
9,1231,1.28
8,1237,1.55
9,1238,1.79
9,1239,1.87
8,1240,1.81
9,1241,2.79
9,1242,1.84
9,1243,0.75
9,1246,2.73
8,1247,0.64
1,1255,1.15
9,1255,1.15
9,1257,0.77
9,1258,1.04
8,1259,1.55
9,1262,1.07
8,1263,1.56
9,1263,1.56
9,1271,1.05
8,1273,1.6
9,1274,0.7
1,1276,0.76
9,1276,1.26
9,1278,2.19
9,1280,1.77
8,1284,1.87
8,1285,1.04
9,1286,1.43
8,1287,1.19
9,1287,1.19
9,1289,1.0
9,1292,0.96
9,1293,2.3
9,1294,0.88
9,1295,0.65
9,1297,0.59
9,1299,1.27
9,1300,1.2
9,1304,1.46
9,1305,1.2
8,1306,1.27
9,1306,1.93
8,1307,1.38
9,1307,0.85
5,1311,4.64
7,1311,3.4
8,1313,1.59
9,1314,0.62
9,1317,1.52
9,1318,2.5
8,1320,0.74
9,1320,1.23
8,1321,2.02
9,1321,3.11
8,1323,0.8
9,1323,0.8
9,1324,1.87
9,1327,0.72
8,1329,2.15
9,1329,1.44
8,1331,0.95
9,1331,1.51
8,1333,1.52
9,1334,1.39
9,1335,2.06
9,1337,1.45
8,1341,1.29
9,1341,1.66
9,1342,1.83
5,1343,1.13
9,1343,1.13
8,1344,0.91
9,1344,0.91
8,1346,1.7
8,1347,1.0
8,1349,0.65
5,1350,0.82
9,1350,1.35
8,1351,0.87
9,1351,1.41
8,1352,1.87
9,1353,2.32
9,1355,1.45
9,1357,0.92
9,1359,1.14
1,1360,1.31
9,1360,1.98
9,1361,1.66
9,1364,2.25
8,1365,0.86
9,1365,0.86
9,1366,0.8
8,1368,1.16
9,1368,1.16
9,1373,1.26
8,1378,2.58
8,1380,2.01
9,1380,0.81
8,1382,0.72
9,1382,0.72
8,1385,1.58
9,1385,1.0
8,1386,0.68
8,1388,1.21
8,1393,1.33
9,1393,1.33
9,1395,2.19
9,1396,1.38
9,1399,1.7
1,1402,1.33
1,1406,1.03
9,1407,1.64
8,1408,1.17
8,1410,0.96
9,1410,1.53
8,1413,1.96
9,1414,2.45
9,1416,1.07
8,1417,1.19
8,1418,1.53
8,1419,0.99
9,1419,1.57
8,1422,1.38
8,1424,1.51
1,1425,2.03
9,1425,2.03
9,1426,1.54
8,1427,1.1
9,1428,1.16
9,1430,2.16
9,1432,1.15
9,1434,1.01
8,1435,0.82
1,1436,0.9
9,1436,1.45
9,1439,0.76
9,1440,1.96
8,1441,1.44
9,1441,0.9
8,1443,1.61
9,1444,0.71
9,1446,1.11
8,1448,2.29
9,1454,1.21
9,1455,0.94
9,1456,2.24
9,1457,1.15
8,1459,0.82
9,1460,0.96
8,1462,0.69
9,1462,1.15
9,1463,2.22
8,1465,1.42
8,1468,1.85
8,1472,1.02
8,1474,0.98
8,1475,1.45
8,1480,0.97
9,1481,2.3
9,1482,1.32
9,1484,2.21
8,1487,1.5
9,1487,1.5
1,1488,1.16
9,1489,1.9
9,1491,1.48
9,1493,1.44
9,1494,0.8
8,1495,1.37
9,1500,0.96
8,1502,0.9
9,1502,0.9
9,1503,1.76
8,1504,1.47
5,1507,2.2
8,1507,1.49
8,1514,3.65
8,1517,1.46
9,1517,2.17
9,1519,1.62
8,1520,1.17
8,1521,0.83
9,1521,1.35
9,1522,1.98
9,1523,2.06
8,1525,0.84
9,1525,0.84
9,1526,1.32
8,1528,0.95
9,1529,1.04
8,1532,1.41
8,1534,1.2
9,1535,0.7
9,1538,2.39
9,1539,2.06
9,1540,0.59
9,1541,1.82
9,1545,1.35
8,1547,1.12
9,1547,1.75
9,1550,1.82
9,1560,3.45
9,1561,1.29
8,1565,1.36
9,1565,0.83
9,1568,2.07
9,1569,1.21
9,1570,1.3
8,1578,2.1
9,1578,1.79
8,1579,1.23
9,1579,1.6
9,1588,2.89
9,1591,1.03
9,1593,0.72
8,1596,1.72
8,1600,0.85
8,1603,0.82
9,1603,2.03
8,1605,1.35
9,1605,1.74
9,1607,2.26
1,1608,3.31
2,1609,0.82
8,1609,1.72
8,1610,0.53
9,1610,1.22
9,1611,1.27
9,1612,1.64
5,1613,0.84
8,1613,0.84
8,1616,0.92
8,1617,0.61
9,1618,0.77
8,1620,1.31
9,1625,2.34
8,1627,1.65
1,1630,0.74
9,1630,0.74
8,1631,0.55
8,1632,0.77
9,1632,0.77
1,1633,1.8
8,1635,0.99
9,1637,1.07
9,1640,1.63
9,1641,0.84
9,1644,1.45
9,1647,0.93
8,1652,2.42
8,1653,1.35
9,1653,1.35
9,1654,1.11
9,1657,1.26
9,1662,1.9
5,1663,1.14
8,1665,1.22
9,1665,1.22
8,1669,0.7
9,1669,1.17
9,1673,1.14
9,1676,1.47
9,1677,0.87
9,1678,1.82
9,1680,2.32
9,1682,0.61
8,1683,0.99
9,1683,0.99
8,1684,0.6
1,1685,0.91
9,1685,0.91
9,1686,1.59
8,1688,1.31
9,1691,2.11
8,1692,1.08
8,1695,0.88
9,1696,1.71
9,1698,1.6
8,1700,0.91
1,1704,1.38
9,1706,0.67
9,1709,1.61
9,1711,0.95
9,1712,0.77
1,1713,1.01
8,1713,1.01
8,1714,1.08
9,1714,1.08
9,1717,2.3
8,1718,2.52
8,1719,1.36
9,1721,0.62
8,1722,1.67
8,1725,2.03
9,1727,1.5
8,1729,0.99
9,1734,1.78
8,1736,0.97
8,1737,1.18
8,1741,1.37
8,1743,1.85
5,1744,1.77
1,1745,1.7
9,1745,2.46
8,1747,1.55
8,1748,1.38
9,1748,1.05
9,1750,0.91
9,1753,1.65
9,1754,1.37
8,1755,1.33
8,1756,0.88
8,1758,1.7
8,1759,2.61
8,1760,2.08
1,1763,1.04
8,1763,3.08
8,1764,0.66
8,1767,2.59
8,1768,1.82
8,1769,1.26
1,1770,0.69
8,1770,0.69
9,1770,1.15
9,1773,1.59
3,1775,1.91
2,1776,0.86
9,1776,0.86
8,1777,1.68
9,1777,1.07
8,1778,0.8
9,1781,2.49
5,1782,0.98
9,1782,1.56
8,1783,1.04
9,1784,1.06
8,1785,1.06
8,1788,0.95
9,1788,3.08
8,1791,2.5
9,1791,2.5
9,1792,2.1
9,1793,1.4
9,1795,1.28
9,1796,1.71
9,1797,0.7
8,1798,0.57
9,1799,1.29
9,1800,0.59
8,1801,0.65
9,1801,1.1
9,1802,1.57
8,1804,1.12
9,1804,1.75
9,1806,1.41
8,1808,1.31
1,1809,1.33
8,1810,1.06
9,1811,0.9
8,1813,1.69
9,1813,2.45
9,1814,1.75
9,1820,2.28
9,1822,1.25
9,1824,0.7
8,1826,0.91
9,1826,0.91
8,1829,1.2
9,1832,0.86
9,1833,1.11
9,1834,1.14
9,1835,1.0
8,1836,0.87
9,1839,1.04
9,1840,0.61
8,1841,0.8
9,1841,0.8
9,1843,1.67
9,1845,1.27
8,1851,1.13
8,1854,0.96
9,1858,1.0
9,1864,1.27
8,1867,0.92
9,1867,1.48
9,1868,1.23
9,1870,1.84
9,1871,3.06
8,1872,1.32
8,1873,1.92
8,1874,1.92
8,1875,1.42
8,1876,0.75
9,1876,0.75
9,1878,1.77
8,1880,0.56
9,1880,0.56
8,1887,0.84
8,1888,1.26
9,1888,1.26
9,1890,0.74
8,1891,2.14
9,1892,1.38
9,1893,2.56
8,1894,0.64
9,1894,0.64
9,1897,1.73
9,1899,1.27
9,1900,1.82
8,1903,1.57
9,1906,1.97
9,1907,1.6
9,1909,4.19
8,1911,1.52
9,1915,2.49
9,1916,1.18
8,1917,2.21
9,1917,3.57
9,1919,3.43
8,1920,2.38
9,1920,1.64
8,1922,0.71
9,1922,0.71
8,1924,1.37
9,1924,0.84
9,1925,2.57
9,1926,1.53
9,1929,1.35
9,1931,3.4
9,1932,2.87
9,1933,2.17
9,1934,2.39
9,1935,2.84
8,1936,1.92
9,1937,0.66
9,1942,1.89
9,1944,1.72
9,1945,2.15
5,1952,1.38
8,1955,1.31
9,1955,1.98
9,1956,0.98
9,1958,1.23
9,1959,3.03
9,1960,1.57
8,1961,0.92
9,1961,1.48
8,1963,1.52
9,1963,1.52
9,1964,2.39
9,1965,1.65
9,1968,1.78
6,1971,1.81
8,1973,0.95
9,1973,0.95
9,1974,0.82
8,1975,1.37
9,1975,1.37
9,1976,2.03
9,1977,1.82
9,1982,1.61
9,1984,2.08
8,1988,1.1
9,1988,1.1
9,1989,3.67
9,1990,0.82
9,1991,2.89
9,1992,1.6
9,1993,2.23
9,1995,1.74
9,1997,1.9
9,1998,1.82
9,2001,2.15
9,2003,2.54
8,2004,0.99
9,2006,2.72
9,2007,1.85
8,2009,1.68
9,2009,1.31
9,2011,1.84
6,2012,1.85
9,2012,1.85
9,2013,1.22
9,2015,2.58
9,2016,2.26
9,2019,2.22
9,2020,2.29
9,2022,2.11
9,2023,1.92
9,2024,2.46
9,2027,1.23
9,2028,1.25
9,2030,1.53
9,2032,1.25
9,2033,1.38
9,2034,2.06
9,2035,1.18
8,2037,2.9
9,2037,2.9
9,2038,1.21
9,2042,1.91
9,2045,1.92
9,2047,1.81
9,2049,3.14
9,2053,1.86
9,2054,2.65
9,2055,0.97
5,2057,1.54
9,2057,2.26
8,2058,0.59
9,2058,1.01
9,2059,3.15
8,2064,1.31
9,2064,2.45
9,2066,3.46
9,2068,1.61
8,2069,1.57
9,2069,2.31
9,2070,1.62
8,2071,0.66
9,2071,0.66
8,2072,0.97
9,2072,0.97
8,2073,1.82
9,2080,1.75
9,2082,1.96
9,2083,1.42
9,2084,0.81
9,2087,3.8
9,2091,0.94
8,2092,1.03
9,2092,2.05
8,2093,0.63
9,2093,1.07
8,2095,0.65
9,2095,1.44
8,2098,0.61
9,2098,1.86
1,2102,1.97
9,2107,1.34
9,2108,2.03
9,2110,1.78
9,2111,1.32
9,2113,2.92
9,2117,2.18
9,2118,1.82
9,2122,1.33
9,2123,1.48
9,2126,1.71
9,2127,3.39
9,2128,2.59
9,2134,1.76
9,2135,1.54
9,2136,2.78
9,2143,1.73
9,2145,1.63
8,2146,1.65
9,2147,2.63
9,2148,2.67
9,2149,0.87
9,2150,2.0
9,2153,1.99
9,2154,1.72
9,2156,2.53
8,2158,1.17
9,2159,1.54
9,2160,3.08
9,2161,1.2
9,2164,2.46
9,2166,2.91
9,2167,1.82
8,2168,1.48
9,2168,2.19
8,2170,1.96
9,2171,2.15
9,2173,2.85
9,2174,2.13
9,2176,2.24
9,2177,2.18
9,2178,1.64
9,2179,1.8
9,2181,1.98
9,2184,3.45
9,2185,2.25
9,2186,2.05
9,2189,1.33
9,2190,2.18
9,2191,1.59
1,2193,1.83
9,2193,1.83
9,2197,2.05
9,2198,1.81
9,2201,1.71
9,2203,2.54
9,2205,1.42
9,2207,3.05
9,2214,2.4
9,2216,0.92
9,2219,1.51
9,2223,3.19
9,2224,3.48
9,2226,1.43
9,2227,1.74
9,2230,2.7
9,2233,0.62
9,2234,1.2
8,2235,1.75
9,2236,3.61
8,2238,3.19
9,2238,1.89
9,2239,1.81
9,2241,2.35
9,2242,2.4
9,2243,1.77
9,2244,2.1
9,2246,1.8
9,2247,3.15
9,2249,1.96
9,2250,3.56
9,2253,2.13
8,2258,1.43
9,2258,1.43
9,2260,2.88
9,2261,2.13
9,2262,1.97
8,2263,1.69
9,2265,1.2
9,2269,1.68
9,2270,1.18
9,2271,2.85
9,2273,1.99
9,2274,1.02
9,2276,2.11
9,2277,1.96
9,2281,2.76
9,2282,2.77
9,2283,1.25
9,2284,1.58
9,2285,1.89
9,2288,2.7
1,2293,3.96
2,2293,1.97
3,2293,2.78
4,2293,2.78
5,2293,3.29
6,2293,2.78
7,2293,3.29
8,2293,2.78
9,2293,4.21
5,2294,0.69
8,2294,0.69
9,2294,1.78
8,2295,1.68
9,2295,1.68
9,2296,1.92
9,2298,0.99
8,2300,1.5
9,2302,2.27
9,2303,0.92
9,2306,1.43
9,2307,3.28
9,2308,2.53
9,2311,2.62
9,2312,3.04
8,2315,1.83
9,2315,2.61
9,2323,1.99
9,2324,1.83
9,2326,0.98
9,2327,4.07
9,2329,2.94
9,2330,0.61
9,2333,1.75
9,2338,0.67
9,2339,1.63
9,2340,1.82
9,2341,3.33
9,2345,0.86
8,2346,1.5
9,2346,0.94
9,2347,1.62
9,2348,1.56
9,2356,2.03
9,2357,1.85
8,2359,0.83
9,2365,1.49
9,2366,2.34
1,2367,3.56
2,2367,3.94
3,2367,3.03
5,2367,5.06
6,2367,2.2
7,2367,4.25
8,2367,5.06
9,2367,3.03
9,2368,2.23
9,2371,1.29
9,2372,1.47
9,2374,2.95
9,2375,3.15
1,2376,3.18
9,2377,1.65
9,2378,0.76
9,2379,1.04
8,2380,0.81
9,2380,0.81
9,2381,2.13
1,2382,1.68
9,2382,1.68
9,2388,2.41
9,2389,1.13
8,2390,1.98
9,2390,1.98
9,2391,2.75
9,2393,2.61
9,2397,4.06
9,2398,2.62
9,2399,2.1
9,2401,2.49
9,2405,2.43
9,2409,1.93
8,2410,0.73
9,2410,0.73
3,2411,1.56
9,2411,1.56
8,2413,1.01
9,2415,2.7
9,2417,1.24
9,2418,1.84
9,2419,1.23
9,2420,1.38
9,2421,2.13
9,2422,1.92
9,2423,1.57
9,2427,1.42
9,2429,1.4
9,2430,1.67
9,2431,2.36
9,2432,2.15
9,2433,2.01
9,2435,3.72
9,2436,2.07
9,2438,2.68
9,2439,0.97
9,2441,2.17
9,2443,2.1
9,2445,2.02
8,2446,1.27
9,2446,1.27
9,2452,1.42
9,2453,1.9
8,2454,2.35
9,2454,1.6
5,2455,2.36
9,2455,2.36
9,2458,1.11
6,2459,1.63
9,2459,2.38
9,2460,1.53
5,2461,2.43
9,2464,1.67
9,2465,2.73
9,2467,0.88
9,2468,2.31
9,2475,1.64
9,2476,1.53
9,2477,3.48
9,2479,3.8
9,2481,1.2
9,2482,2.05
9,2483,1.04
9,2485,1.54
9,2486,1.04
9,2490,1.64
9,2491,0.96
9,2497,2.14
9,2499,1.95
9,2503,1.62
9,2506,0.96
9,2510,1.92
9,2511,1.92
8,2512,0.96
9,2519,0.75
9,2520,2.93
8,2523,1.5
9,2523,1.5
9,2524,4.37
9,2526,1.75
9,2527,2.15
8,2529,2.26
9,2529,3.11
9,2531,1.58
9,2532,1.73
9,2533,1.33
9,2534,2.42
9,2536,3.63
8,2537,1.31
8,2538,2.3
9,2538,2.3
9,2540,2.67
9,2541,1.57
9,2543,1.77
9,2545,3.62
9,2547,1.57
9,2548,1.2
8,2549,2.08
9,2550,0.63
9,2551,1.81
8,2553,1.3
9,2553,3.82
9,2554,2.46
9,2555,1.87
8,2556,1.09
9,2556,1.7
9,2558,3.77
9,2560,2.56
9,2561,1.67
9,2562,2.11
9,2563,2.85
9,2569,1.88
4,2573,1.65
9,2573,2.4
9,2574,1.96
9,2575,3.02
8,2576,1.57
9,2576,0.99
9,2577,2.0
9,2578,1.87
8,2579,1.91
9,2580,0.87
9,2581,0.79
9,2582,2.13
9,2583,2.95
9,2585,2.77
1,2587,0.64
9,2587,1.42
8,2588,0.66
9,2589,0.71
8,2590,1.5
9,2590,1.5
9,2593,0.81
9,2596,0.68
9,2599,1.72
8,2600,1.8
9,2600,2.57
9,2601,2.5
9,2602,2.08
9,2603,1.99
9,2604,1.81
9,2605,2.18
9,2606,2.71
9,2607,2.35
9,2608,2.03
9,2612,1.84
9,2613,2.01
9,2615,0.99
9,2617,1.44
9,2620,2.08
9,2621,3.1
9,2625,2.18
9,2626,2.04
9,2631,2.25
9,2632,2.03
9,2633,0.92
2,2635,1.76
6,2635,1.76
8,2635,4.64
9,2638,1.95
9,2640,3.76
1,2643,1.93
9,2645,2.49
9,2649,1.67
9,2651,1.12
9,2652,1.3
9,2653,1.62
9,2654,3.46
9,2658,1.21
9,2662,1.74
9,2663,2.78
9,2664,4.6
8,2666,1.01
9,2666,1.01
9,2668,2.03
1,2669,2.28
9,2669,1.55
9,2670,1.34
9,2671,2.47
9,2672,2.82
8,2677,2.69
8,2678,0.69
9,2678,1.79
9,2679,1.47
9,2681,1.25
8,2682,0.93
9,2683,1.97
9,2685,2.21
8,2688,0.94
9,2689,2.15
9,2695,1.3
9,2696,1.63
8,2697,1.66
9,2697,2.41
5,2699,0.65
8,2699,1.43
9,2699,0.65
9,2703,2.16
9,2707,2.48
9,2709,2.47
9,2710,1.81
9,2712,3.18
9,2715,2.02
9,2716,2.84
9,2717,2.81
9,2722,2.11
1,2723,2.06
9,2724,1.24
9,2725,1.11
9,2727,1.98
9,2730,2.09
9,2735,1.02
9,2737,1.88
8,2740,1.84
9,2740,1.84
9,2741,2.55
9,2743,2.09
9,2745,2.24
9,2748,1.72
9,2750,1.35
9,2751,3.71
9,2752,1.39
9,2756,1.02
9,2758,2.31
9,2759,2.12
9,2760,1.73
9,2761,2.17
9,2765,1.05
9,2767,3.16
8,2768,0.95
9,2770,2.3
9,2771,1.43
9,2772,1.83
9,2773,1.74
9,2774,2.47
9,2775,1.28
1,2780,0.94
9,2783,2.18
9,2785,1.44
9,2786,2.93
9,2788,3.09
9,2791,3.72
9,2793,1.5
9,2795,2.59
9,2796,1.87
9,2797,1.35
9,2798,1.91
9,2800,2.69
9,2801,1.77
9,2802,0.89
9,2803,1.89
9,2807,2.83
9,2808,2.63
9,2811,1.59
9,2815,1.38
9,2816,1.88
9,2819,1.77
9,2821,1.77
8,2822,1.16
9,2822,1.16
9,2826,0.45
9,2827,2.37
1,2828,1.32
9,2828,1.32
9,2831,2.54
9,2833,1.71
9,2834,1.69
9,2835,1.17
9,2836,1.07
9,2839,1.25
9,2840,2.77
9,2843,3.28
9,2844,2.22
8,2845,0.78
9,2845,1.29
8,2848,2.32
9,2848,3.7
8,2849,0.57
9,2849,1.56
9,2850,1.74
9,2851,1.69
9,2855,2.82
9,2856,3.07
9,2858,2.22
9,2859,1.96
9,2860,0.88
9,2861,2.15
8,2862,1.33
9,2862,2.01
9,2863,0.6
9,2865,2.42
9,2867,2.24
9,2868,1.99
9,2870,1.86
9,2871,2.46
9,2873,2.16
9,2877,2.6
9,2878,2.75
8,2879,1.9
9,2880,0.9
9,2882,0.99
8,2885,2.17
9,2886,3.18
9,2888,1.03
9,2889,1.61
9,2890,1.93
9,2891,1.6
9,2892,1.68
9,2893,1.21
9,2897,2.55
8,2898,1.53
9,2899,1.88
9,2900,3.41
9,2902,1.92
9,2906,1.52
9,2907,1.55
9,2908,0.93
8,2909,1.62
9,2909,1.03
8,2912,0.84
9,2912,1.36
9,2914,2.21
9,2915,2.13
8,2916,1.16
9,2916,1.8
9,2917,1.98
9,2919,1.67
5,2922,1.55
9,2922,1.55
9,2923,1.4
9,2925,2.59
8,2927,1.75
9,2927,1.75
9,2928,2.78
9,2929,1.44
9,2930,2.51
9,2933,2.68
8,2938,1.22
9,2938,1.22
9,2942,2.33
9,2943,3.57
9,2944,1.26
9,2945,3.24
9,2946,2.87
5,2947,1.24
9,2947,1.24
9,2948,1.27
9,2950,2.66
9,2958,0.74
8,2959,0.6
9,2959,1.62
8,2962,2.52
9,2964,2.42
9,2965,2.46
9,2968,1.82
9,2969,1.69
9,2970,3.32
3,2972,2.01
5,2972,4.82
6,2972,2.82
7,2972,2.82
8,2972,4.82
9,2974,1.67
9,2979,1.98
9,2980,1.62
9,2981,1.33
8,2982,1.15
9,2983,1.79
9,2985,1.58
9,2986,3.61
9,2988,1.23
8,2990,1.36
9,2990,2.04
9,2991,2.01
1,2992,1.63
9,2992,3.51
9,2996,1.87
8,3003,1.83
9,3004,1.99
1,3005,1.54
9,3006,1.38
9,3009,1.76
9,3014,1.85
9,3016,0.74
9,3018,2.95
9,3021,2.52
9,3022,2.37
9,3026,1.54
9,3030,2.35
9,3031,1.62
9,3032,3.92
9,3035,1.85
9,3036,1.98
9,3039,1.87
9,3042,1.85
9,3045,2.24
8,3046,0.77
9,3046,0.77
9,3050,3.45
9,3051,3.23
9,3053,1.9
9,3056,2.81
9,3061,2.64
8,3062,1.65
9,3062,0.78
9,3063,3.46
9,3065,2.53
9,3067,1.97
9,3068,1.65
9,3071,2.37
8,3072,0.59
9,3072,1.0
9,3074,2.27
8,3076,1.54
9,3079,2.36
8,3080,1.81
9,3081,2.46
9,3083,3.0
9,3086,1.85
9,3089,1.67
9,3090,2.36
9,3092,3.11
1,3093,0.93
5,3093,0.93
9,3093,1.89
9,3095,1.65
8,3096,1.85
9,3096,1.85
9,3098,1.19
8,3099,1.23
9,3099,1.23
9,3100,1.94
9,3104,2.6
9,3106,1.28
9,3107,3.26
9,3108,2.71
9,3110,1.52
9,3111,1.69
9,3115,1.75
1,3117,0.73
9,3117,1.58
9,3118,1.77
9,3119,1.76
9,3121,2.22
9,3124,2.06
9,3125,2.04
9,3126,0.83
9,3127,2.34
9,3128,0.85
9,3129,1.84
9,3135,2.08
4,3136,1.12
9,3139,2.02
9,3140,2.47
9,3142,2.93
9,3143,3.89
9,3145,2.96
9,3146,1.37
1,3147,1.58
9,3147,2.8
9,3148,2.36
9,3149,1.95
9,3150,2.44
9,3152,1.59
9,3153,1.23
9,3154,3.14
9,3155,1.48
9,3157,2.15
1,3158,0.72
8,3158,1.19
9,3158,1.19
9,3160,1.99
9,3161,1.79
2,3162,2.35
9,3163,2.0
9,3164,3.08
9,3165,2.66
9,3166,2.08
9,3168,1.82
9,3170,1.61
9,3171,1.71
9,3174,1.63
9,3176,2.56
9,3180,2.31
9,3181,1.36
9,3183,1.85
9,3187,2.66
9,3188,2.17
9,3190,2.1
9,3192,1.88
8,3193,0.93
9,3193,0.93
9,3196,3.05
9,3198,3.77
9,3199,2.34
9,3203,1.24
9,3205,1.1
8,3207,1.62
8,3211,1.15
5,3213,2.47
8,3216,0.44
9,3219,1.77
9,3220,1.79
9,3222,1.75
9,3223,2.04
9,3225,0.95
9,3226,1.97
9,3227,1.55
8,3229,1.16
9,3229,0.69
9,3231,2.57
8,3232,1.88
9,3233,3.06
8,3234,0.62
9,3234,0.62
9,3235,2.36
9,3236,1.89
9,3237,1.98
1,3242,0.94
9,3244,2.41
9,3245,2.22
8,3246,0.67
9,3246,2.52
9,3247,1.14
9,3248,3.37
9,3249,1.93
1,3250,1.87
9,3250,1.87
9,3252,1.6
8,3253,0.53
9,3253,1.69
9,3254,2.24
9,3255,2.81
9,3256,3.47
9,3259,0.99
9,3261,1.88
9,3265,2.38
9,3267,2.59
9,3270,1.39
9,3271,2.54
9,3273,2.53
9,3274,1.86
9,3275,1.64
9,3276,1.24
8,3277,1.73
9,3278,1.77
9,3281,2.63
9,3282,3.38
9,3284,2.4
9,3287,1.74
9,3288,3.57
9,3289,1.17
9,3290,1.78
9,3292,1.57
9,3300,2.6
9,3302,1.19
9,3305,2.37
9,3307,2.84
9,3308,2.56
9,3311,1.9
9,3312,1.37
9,3315,2.25
9,3317,2.86
9,3318,1.53
9,3319,3.08
8,3320,1.48
9,3320,2.19
9,3321,1.35
9,3322,3.4
9,3323,3.26
9,3325,1.85
9,3326,2.44
9,3328,1.73
5,3329,1.75
1,3331,1.68
8,3332,1.62
9,3334,1.87
9,3335,2.04
8,3336,0.99
9,3336,1.98
9,3337,2.27
9,3338,2.69
9,3340,2.03
9,3341,2.69
8,3342,2.12
9,3343,2.94
9,3344,1.21
9,3345,3.39
9,3346,2.13
9,3347,2.12
8,3350,2.19
9,3350,1.13
8,3353,1.04
9,3354,1.72
9,3357,2.23
9,3360,3.0
9,3361,2.65
9,3363,0.82
8,3364,0.82
9,3368,1.88
1,3370,1.75
9,3370,2.52
9,3371,1.53
9,3372,1.24
9,3373,2.74
9,3374,1.54
9,3377,2.66
8,3380,0.8
9,3380,0.8
8,3382,0.75
9,3382,1.6
8,3383,1.72
9,3384,2.36
8,3387,0.73
9,3387,1.21
9,3390,1.3
9,3392,1.89
9,3393,2.03
5,3394,1.82
8,3394,1.82
9,3395,1.97
9,3396,1.96
9,3398,2.55
9,3399,1.53
9,3400,1.34
9,3401,1.73
9,3403,1.56
9,3404,2.53
9,3408,1.51
9,3411,2.04
9,3412,0.82
9,3416,2.01
9,3417,2.05
9,3420,3.74
9,3423,0.76
9,3424,1.59
9,3425,2.47
8,3426,0.65
9,3426,1.44
9,3427,2.62
9,3428,1.68
9,3430,3.07
9,3431,1.61
9,3433,4.26
8,3436,1.65
9,3437,1.79
8,3442,1.55
9,3442,2.76
9,3443,1.06
9,3444,2.18
9,3447,1.88
9,3450,2.85
9,3451,3.45
8,3452,1.75
8,3456,1.82
9,3457,2.01
9,3458,2.36
9,3460,1.76
9,3461,2.43
8,3462,1.72
9,3462,1.72
9,3463,2.12
9,3464,2.19
9,3467,1.45
9,3471,1.9
9,3472,1.55
9,3473,2.3
9,3474,1.83
9,3475,3.41
9,3477,1.92
9,3478,1.63
9,3480,2.0
9,3482,1.64
8,3483,1.02
9,3483,1.02
9,3485,2.11
9,3487,1.94
8,3488,2.26
9,3489,3.62
9,3490,2.3
9,3493,1.25
9,3494,2.44
9,3495,0.93
9,3496,2.08
9,3500,3.04
9,3501,1.71
9,3502,2.42
9,3503,1.56
9,3505,2.43
9,3510,2.73
9,3515,2.27
9,3517,2.13
9,3519,2.21
9,3520,0.88
8,3523,0.56
9,3523,0.97
9,3524,2.37
9,3525,2.8
9,3526,2.05
1,3527,1.97
9,3528,1.96
9,3529,2.1
9,3530,1.83
8,3531,1.53
9,3533,1.2
8,3534,1.8
9,3534,2.1
1,3536,2.89
2,3536,2.89
3,3536,3.41
4,3536,2.89
5,3536,3.79
6,3536,2.89
7,3536,2.89
8,3536,5.18
8,3537,0.91
9,3540,1.75
9,3548,1.69
9,3549,3.16
9,3550,1.78
9,3552,1.83
9,3553,1.96
8,3554,1.65
9,3555,2.57
9,3557,1.65
8,3561,1.74
8,3563,1.77
9,3563,3.04
9,3564,1.22
9,3565,2.3
9,3566,1.91
9,3569,0.85
9,3572,1.24
9,3573,1.72
9,3575,2.12
8,3576,1.42
9,3576,2.94
9,3577,1.33
9,3580,0.61
9,3581,1.1
8,3582,1.01
6,3586,3.07
9,3586,3.07
9,3587,0.8
9,3588,1.08
8,3589,0.98
9,3589,0.98
9,3592,2.15
9,3593,1.84
9,3595,2.69
6,3597,1.85
9,3597,1.85
9,3600,1.44
9,3601,2.61
9,3602,0.9
9,3605,1.77
9,3606,1.86
1,3609,1.46
9,3610,2.11
9,3611,1.87
9,3612,1.47
9,3615,3.21
9,3616,1.47
9,3617,1.03
9,3619,1.71
9,3620,1.94
9,3622,1.0
9,3624,1.07
9,3625,1.88
9,3626,0.76
9,3630,2.9
9,3632,1.15
8,3634,1.7
9,3634,1.7
9,3637,2.96
9,3638,1.69
9,3642,3.0
9,3649,1.09
9,3651,2.81
9,3652,1.81
2,3653,1.12
3,3653,2.5
4,3653,2.17
5,3653,1.12
7,3653,2.5
8,3653,3.52
9,3653,1.74
9,3654,3.31
9,3656,1.63
8,3658,1.41
9,3658,2.11
8,3661,0.5
9,3662,2.84
9,3663,1.75
9,3664,2.07
9,3665,1.12
9,3666,1.72
9,3668,3.78
9,3669,1.81
9,3673,2.14
9,3674,1.47
8,3675,1.8
9,3676,1.54
9,3679,2.5
9,3681,2.22
9,3683,1.79
9,3684,1.26
9,3685,1.9
9,3687,1.8
9,3688,0.95
9,3689,1.38
8,3690,0.94
9,3690,0.94
9,3693,1.77
9,3694,1.78
9,3695,2.53
9,3696,0.89
9,3697,2.16
9,3699,1.82
8,3702,0.73
9,3704,0.79
9,3705,1.82
9,3708,1.69
9,3709,1.16
9,3710,1.89
9,3713,1.32
9,3715,2.11
9,3716,0.91
8,3717,1.66
9,3717,2.41
8,3719,1.58
8,3721,1.88
9,3721,2.67
9,3722,2.04
9,3723,2.39
9,3724,2.1
9,3726,2.51
9,3728,3.09
9,3731,2.09
9,3732,2.1
4,3733,1.83
9,3736,1.07
9,3737,2.03
9,3742,1.77
9,3744,1.61
9,3747,2.76
9,3748,0.68
9,3759,1.9
1,3760,1.95
2,3760,1.95
9,3760,1.95
9,3761,1.25
9,3762,1.01
9,3764,1.87
9,3769,1.85
9,3770,3.62
9,3772,2.59
9,3773,2.28
9,3777,2.85
9,3778,1.55
9,3780,2.9
9,3781,1.96
9,3785,1.94
9,3786,2.79
9,3787,2.16
9,3789,2.01
8,3791,0.99
9,3792,1.33
9,3793,3.35
9,3794,1.85
9,3797,1.43
9,3798,0.85
9,3799,3.26
6,3800,0.69
9,3800,1.51
6,3802,2.33
1,3804,1.17
9,3804,1.17
9,3806,1.93
8,3807,2.47
9,3807,2.01
9,3809,1.68
9,3814,2.67
9,3815,0.86
9,3816,2.98
5,3817,1.9
9,3817,2.69
9,3818,2.31
9,3819,2.7
9,3822,1.41
9,3823,1.03
9,3825,1.43
8,3826,1.97
9,3826,1.97
8,3829,0.83
9,3829,2.29
9,3832,1.4
9,3833,2.38
9,3834,1.88
9,3835,2.08
9,3840,1.37
9,3841,2.1
9,3842,1.74
9,3846,2.22
9,3847,1.88
9,3848,1.67
1,3850,1.56
9,3852,1.76
9,3854,1.26
9,3856,2.0
9,3857,1.4
9,3858,2.39
9,3861,2.15
9,3863,1.74
9,3864,1.59
9,3865,3.47
8,3868,0.8
9,3868,1.69
9,3869,1.8
9,3870,2.59
9,3872,1.2
9,3873,2.5
9,3876,1.88
9,3879,2.9
8,3880,2.47
9,3880,2.47
9,3882,1.56
9,3884,1.04
9,3889,3.18
5,3891,0.84
9,3891,1.76
1,3893,1.73
9,3893,1.73
9,3895,1.52
9,3897,1.83
9,3898,2.15
9,3900,2.93
8,3903,0.93
9,3903,1.49
8,3911,0.76
9,3911,1.25
9,3912,2.31
9,3913,2.23
9,3914,2.05
9,3918,1.48
9,3919,2.62
9,3922,1.76
9,3924,2.83
9,3925,3.02
8,3926,0.92
9,3926,0.92
9,3927,2.73
9,3931,2.18
8,3933,0.64
9,3936,2.22
9,3937,2.03
9,3938,2.58
9,3940,1.92
8,3941,1.09
1,3945,1.65
9,3945,2.89
9,3947,2.08
9,3948,1.95
8,3949,0.88
9,3949,1.42
8,3951,0.84
9,3951,1.37
9,3953,2.08
8,3956,2.08
9,3959,1.92
8,3960,0.97
9,3960,1.96
9,3962,1.74
9,3963,1.7
9,3964,2.85
8,3965,1.67
9,3965,1.67
9,3968,1.32
1,3971,0.7
8,3971,0.7
9,3972,1.56
9,3973,1.91
9,3976,3.46
9,3977,1.66
9,3978,1.45
9,3979,1.73
9,3980,2.69
9,3982,1.91
9,3984,1.9
9,3987,1.07
9,3993,2.9
9,3994,1.23
9,3995,2.95
9,3997,1.99
9,3998,2.03
9,4000,1.58
9,4001,0.93
9,4004,2.81
9,4005,2.66
9,4007,2.93
1,4009,1.04
9,4009,2.38
9,4011,2.36
9,4015,2.63
8,4016,1.26
9,4016,1.26
9,4017,2.09
9,4018,1.58
9,4019,2.6
9,4021,2.32
9,4023,1.3
9,4028,2.79
9,4029,2.69
9,4032,3.3
9,4033,2.81
9,4034,1.21
8,4040,1.53
9,4040,1.53
8,4042,3.31
9,4043,1.68
8,4044,1.65
9,4044,1.65
9,4045,2.82
9,4046,1.86
9,4047,1.56
5,4048,2.06
9,4049,0.77
9,4050,2.23
9,4051,3.16
9,4053,4.41
8,4056,1.13
9,4058,1.91
9,4059,1.75
9,4060,1.54
9,4062,0.83
9,4063,1.98
9,4064,2.34
9,4067,2.39
8,4068,1.05
9,4069,2.15
9,4071,2.6
9,4072,1.43
9,4073,1.7
9,4074,1.66
8,4078,2.11
9,4078,2.11
9,4080,1.69
9,4082,1.81
9,4083,2.98
9,4084,0.76
9,4086,2.13
9,4087,1.98
9,4089,1.88
9,4091,3.8
9,4092,1.27
9,4093,1.95
9,4096,2.23
8,4097,1.31
9,4097,1.31
8,4099,0.66
9,4099,1.46
9,4101,1.75
9,4102,2.92
9,4103,2.94
9,4104,2.02
9,4107,2.98
8,4108,0.54
9,4108,1.5
5,4109,1.43
9,4109,2.13
9,4110,2.43
8,4111,1.81
9,4111,2.59
9,4112,2.89
9,4114,1.81
8,4115,2.96
9,4118,2.02
5,4120,4.45
6,4120,3.23
7,4120,2.37
8,4120,3.76
9,4120,3.76
9,4129,3.34
9,4132,1.8
9,4133,3.29
9,4134,1.54
9,4135,2.93
8,4137,1.73
9,4141,3.03
9,4142,2.43
9,4143,2.7
9,4145,1.91
9,4148,1.19
9,4151,2.24
9,4152,1.84
9,4153,1.9
9,4155,1.64
8,4156,1.45
9,4156,1.45
9,4159,1.53
1,4160,1.88
9,4160,1.88
8,4161,1.77
8,4162,1.88
9,4162,1.88
9,4164,0.75
1,4167,2.26
2,4167,2.26
3,4167,2.26
5,4167,2.26
6,4167,2.26
7,4167,3.62
8,4167,4.96
9,4167,3.1
9,4169,1.16
9,4172,1.55
9,4176,1.71
9,4178,1.07
9,4179,1.18
8,4181,2.07
9,4184,0.83
9,4187,1.14
8,4188,1.99
9,4192,2.13
9,4193,2.55
9,4197,2.87
9,4198,3.03
9,4200,1.26
8,4203,1.13
1,4205,1.36
9,4205,2.04
9,4206,3.05
9,4212,0.9
4,4214,1.14
8,4214,2.21
9,4214,1.14
9,4218,2.29
9,4219,2.29
9,4221,3.02
9,4224,2.0
9,4226,0.92
9,4228,2.02
8,4230,1.87
9,4230,2.66
8,4232,0.86
9,4232,0.86
8,4233,1.11
9,4237,1.91
9,4240,2.03
8,4241,1.77
9,4241,1.77
9,4242,2.13
1,4243,1.02
9,4243,1.62
8,4244,1.22
8,4245,0.66
9,4245,1.12
9,4248,1.48
9,4249,1.85
9,4251,3.69
9,4254,2.02
9,4258,2.2
1,4262,2.16
9,4263,2.04
9,4264,4.2
9,4267,2.22
9,4268,2.21
8,4272,1.63
9,4272,1.63
9,4273,2.13
8,4277,1.0
9,4277,2.33
9,4279,0.66
1,4281,0.69
9,4281,2.4
9,4283,1.49
9,4284,3.04
9,4285,1.83
9,4286,2.96
8,4288,0.91
9,4289,2.4
9,4293,2.2
9,4294,0.83
8,4296,1.08
9,4297,2.27
9,4298,2.29
9,4299,1.63
9,4300,3.23
9,4301,3.65
9,4305,1.9
9,4307,1.69
9,4308,1.64
9,4309,2.23
9,4312,1.9
9,4314,3.42
9,4315,3.39
1,4317,2.52
8,4322,2.37
9,4322,2.04
9,4323,1.88
8,4325,1.59
9,4325,2.33
9,4330,2.04
8,4333,1.72
9,4334,1.7
9,4336,1.99
9,4337,1.82
9,4341,3.0
9,4342,2.71
9,4343,1.71
8,4345,0.66
9,4345,0.66
9,4346,2.07
9,4348,1.56
9,4351,2.68
8,4352,1.65
9,4352,2.4
9,4355,1.53
9,4356,1.75
9,4360,1.86
8,4361,1.64
9,4361,2.39
9,4362,1.15
9,4364,2.92
9,4365,2.2
9,4367,1.87
9,4370,2.07
9,4372,2.35
9,4373,2.24
9,4374,3.61
9,4376,1.22
9,4377,2.31
9,4380,1.83
9,4381,1.52
9,4382,1.62
9,4383,0.88
9,4384,1.81
9,4385,0.98
8,4387,1.84
3,4388,0.58
8,4388,1.0
9,4388,0.58
9,4389,2.57
9,4390,1.56
5,4391,1.51
9,4391,1.51
1,4396,1.92
9,4396,2.72
9,4398,1.5
9,4400,2.01
9,4402,2.01
9,4403,1.92
9,4404,1.63
9,4407,2.33
1,4410,1.98
9,4411,2.05
9,4414,2.34
9,4418,2.24
9,4422,1.16
8,4423,1.77
8,4425,0.94
9,4425,0.94
9,4427,3.2
9,4428,2.4
9,4429,1.88
9,4433,1.11
9,4434,2.38
9,4435,2.97
9,4436,2.21
9,4438,1.88
9,4440,0.96
9,4441,2.04
9,4443,1.54
9,4447,2.02
8,4448,1.98
9,4451,0.78
9,4452,2.02
8,4453,1.77
9,4453,1.77
9,4454,1.07
9,4456,1.83
9,4459,1.97
9,4460,1.87
9,4461,1.4
9,4465,1.75
9,4466,1.53
9,4467,1.82
8,4470,1.4
9,4470,2.35
9,4472,1.97
9,4473,2.02
9,4474,1.68
9,4475,3.26
9,4477,1.78
9,4478,2.16
9,4479,1.64
9,4480,1.41
9,4481,1.41
9,4482,2.42
8,4483,2.7
9,4485,2.46
9,4487,2.3
8,4491,2.01
9,4493,3.8
8,4494,1.76
8,4495,1.77
9,4495,1.77
9,4496,0.91
9,4499,2.53
9,4501,2.74
9,4502,1.92
9,4503,1.82
8,4504,1.92
9,4504,2.72
9,4505,2.59
9,4506,1.89
9,4507,1.17
9,4508,1.89
9,4509,3.54
9,4513,2.13
1,4515,0.82
8,4515,0.82
9,4515,0.82
9,4516,1.48
9,4517,2.5
9,4518,1.94
9,4520,2.02
9,4522,2.16
9,4524,1.56
9,4525,0.79
8,4526,2.19
9,4530,1.59
9,4531,3.03
9,4532,1.98
9,4533,3.31
9,4536,1.62
9,4537,3.01
9,4540,0.93
9,4541,1.82
9,4546,1.83
9,4547,2.58
1,4549,2.46
9,4549,2.0
8,4551,1.91
8,4555,1.74
9,4556,1.58
9,4560,1.62
8,4561,0.85
9,4561,0.85
8,4564,1.71
9,4564,2.47
9,4565,2.37
8,4566,1.78
9,4566,1.78
9,4569,1.85
9,4571,3.29
9,4572,1.22
8,4573,1.92
9,4574,2.98
9,4575,1.28
9,4577,1.34
9,4578,2.51
8,4580,0.75
9,4581,1.14
9,4583,1.75
9,4585,3.37
9,4586,1.74
9,4587,2.1
8,4588,1.32
9,4588,2.0
9,4591,2.28
8,4593,1.92
9,4593,1.92
9,4594,1.8
9,4597,1.68
9,4598,2.77
9,4599,1.97
8,4600,1.23
9,4600,1.89
9,4602,1.74
8,4603,0.8
1,4605,2.04
8,4607,3.17
9,4607,2.32
9,4610,2.88
9,4615,1.81
9,4626,0.89
8,4630,1.96
9,4630,3.27
9,4635,1.72
9,4637,2.76
9,4639,2.78
9,4643,0.82
9,4646,2.4
9,4647,1.86
9,4648,1.7
8,4649,1.66
9,4649,1.05
9,4659,2.0
9,4660,1.85
9,4661,1.67
9,4662,2.5
9,4663,2.39
9,4666,2.78
9,4668,1.78
9,4669,2.15
9,4671,2.86
9,4672,2.46
9,4673,4.35
1,4674,1.86
9,4675,0.86
9,4676,3.0
9,4677,1.7
1,4678,1.44
9,4680,1.86
9,4681,1.92
9,4685,2.03
9,4697,1.5
9,4700,1.95
9,4701,2.03
9,4702,2.27
9,4703,1.72
9,4704,1.83
9,4706,1.87
9,4707,2.26
9,4709,1.79
8,4711,1.53
8,4717,1.22
9,4718,3.06
9,4719,1.42
8,4720,1.14
9,4720,1.76
9,4724,2.77
8,4728,1.08
1,4731,3.16
9,4733,2.62
9,4736,1.75
9,4739,1.42
9,4741,2.09
3,4742,0.96
8,4742,0.96
9,4742,1.95
9,4744,2.7
8,4745,1.24
9,4745,1.24
9,4746,1.5
9,4747,2.5
9,4748,2.69
9,4749,2.54
9,4751,2.07
9,4752,3.6
8,4753,2.16
9,4754,1.98
9,4757,0.95
9,4760,1.82
9,4761,2.27
9,4762,1.2
8,4763,1.65
9,4763,1.65
9,4765,2.31
9,4766,3.33
9,4767,2.14
8,4768,1.82
9,4768,3.48
9,4770,1.81
8,4773,1.17
9,4773,1.17
9,4775,2.8
9,4777,1.12
9,4779,2.11
9,4783,1.44
9,4784,1.84
9,4785,2.72
9,4788,1.85
9,4789,2.02
9,4792,2.21
9,4793,2.03
9,4794,2.07
9,4796,1.85
9,4798,1.57
9,4799,3.17
9,4800,2.01
8,4802,1.2
9,4802,2.29
9,4804,2.68
9,4806,1.9
8,4808,1.58
9,4810,3.14
9,4811,1.97
9,4813,2.61
8,4814,1.4
9,4814,1.4
9,4819,1.99
9,4820,2.86
9,4822,2.94
9,4825,2.14
8,4826,0.8
8,4827,1.12
9,4828,3.08
8,4829,2.54
9,4832,1.85
9,4836,1.18
8,4837,0.98
9,4837,1.56
9,4838,1.89
9,4839,1.92
9,4841,1.96
9,4842,3.24
9,4844,3.38
9,4849,3.28
9,4851,1.97
9,4852,1.99
9,4853,1.72
8,4854,2.89
9,4854,1.65
1,4855,1.94
9,4855,3.62
9,4859,2.14
9,4860,1.92
3,4864,2.2
9,4864,2.2
9,4866,1.88
9,4871,2.04
9,4875,2.76
9,4876,1.46
9,4879,2.74
9,4880,1.9
9,4881,0.83
9,4884,1.29
9,4886,1.68
9,4887,1.99
2,4892,2.1
3,4892,2.92
4,4892,2.1
5,4892,4.12
6,4892,5.45
7,4892,2.1
8,4892,4.12
9,4892,2.92
9,4894,3.52
8,4896,1.36
9,4897,2.11
9,4902,2.84
9,4904,2.27
9,4908,2.21
8,4909,1.46
9,4909,3.0
9,4912,1.88
9,4914,2.53
9,4917,2.28
9,4921,2.28
9,4922,2.67
9,4925,1.4
9,4929,0.85
9,4930,2.17
9,4931,2.57
9,4932,1.62
9,4933,1.39
9,4934,1.6
9,4935,2.28
3,4938,2.08
8,4939,1.67
9,4939,2.42
9,4940,2.17
9,4943,1.89
8,4944,1.97
9,4944,2.77
8,4946,1.03
9,4946,1.62
9,4947,2.83
9,4948,0.87
9,4951,2.06
1,4957,2.05
9,4957,2.05
9,4958,2.15
9,4959,2.34
9,4961,2.52
9,4966,2.68
9,4972,2.03
9,4975,1.85
9,4976,1.83
9,4977,2.22
9,4980,4.12
9,4981,2.47
9,4982,1.89
9,4984,3.78
8,4985,2.24
9,4985,2.24
8,4986,1.56
8,4987,1.68
9,4987,2.44
9,4988,1.45
9,4994,2.88
8,4997,1.1
9,4997,1.1
9,5000,2.88
9,5001,3.58
9,5002,1.76
8,5003,1.24
9,5003,1.24
8,5004,1.22
9,5009,2.01
9,5011,1.63
9,5012,1.01
9,5015,2.13
1,5016,2.79
3,5016,2.79
5,5016,5.2
6,5016,3.69
8,5016,1.99
9,5016,3.31
9,5017,2.03
9,5018,1.71
9,5020,1.75
9,5024,2.19
8,5026,0.76
8,5027,2.24
9,5028,2.0
9,5031,2.49
9,5033,1.89
9,5039,1.93
9,5040,1.53
8,5044,2.37
9,5044,0.87
9,5045,1.69
9,5051,1.9
8,5052,1.45
9,5053,1.49
9,5054,2.03
9,5055,1.13
9,5058,2.45
8,5065,1.73
9,5067,2.03
9,5070,2.49
9,5071,2.1
9,5072,1.59
9,5073,1.68
8,5076,1.29
9,5078,2.1
8,5079,2.12
9,5079,2.12
9,5080,1.67
8,5083,2.95
9,5083,3.61
9,5085,1.86
8,5087,1.53
9,5087,2.25
9,5089,1.13
9,5090,1.94
8,5092,1.16
9,5092,1.16
9,5093,0.94
9,5095,1.43
8,5099,1.98
9,5099,1.31
9,5100,1.31
9,5105,1.85
8,5106,1.84
9,5106,3.13
9,5108,2.46
1,5111,1.15
9,5112,2.03
9,5113,1.94
9,5115,2.6
9,5117,3.56
8,5118,1.61
9,5118,1.61
9,5120,3.65
9,5123,2.34
9,5124,1.84
8,5127,1.99
9,5129,1.79
8,5134,2.91
9,5134,1.4
9,5135,2.08
9,5137,2.73
9,5139,1.97
9,5141,2.26
9,5142,2.39
9,5144,2.38
9,5146,1.22
9,5147,1.62
9,5149,1.96
8,5150,2.12
9,5151,1.98
9,5157,1.54
9,5159,1.81
1,5160,1.47
9,5160,3.02
9,5162,2.21
9,5166,2.6
9,5169,1.32
9,5170,2.97
9,5171,1.53
9,5174,2.73
9,5176,2.03
9,5180,2.64
9,5184,2.93
8,5186,1.63
9,5190,0.84
9,5192,3.1
9,5193,2.34
9,5194,2.16
9,5195,2.86
9,5200,2.77
9,5202,2.86
9,5204,4.2
9,5207,2.14
9,5209,2.06
9,5210,2.71
9,5211,1.97
8,5212,1.8
9,5212,2.58
1,5214,2.47
9,5214,2.47
9,5218,1.62
8,5222,1.47
9,5222,1.87
9,5226,3.05
1,5228,1.52
9,5229,3.7
9,5232,2.04
9,5233,1.45
9,5235,3.64
9,5236,3.52
8,5239,1.31
9,5239,1.31
9,5240,2.32
1,5241,1.64
9,5241,1.64
9,5242,1.13
8,5243,2.14
9,5243,2.14
9,5246,1.68
8,5247,1.87
9,5247,3.17
9,5248,1.69
9,5250,1.55
9,5252,0.97
9,5253,4.2
9,5255,2.38
9,5256,2.92
9,5257,1.89
9,5260,2.8
5,5263,1.29
9,5267,2.99
9,5272,1.99
9,5276,1.84
9,5277,0.93
9,5280,1.31
9,5284,1.6
9,5285,3.12
9,5286,1.64
9,5287,2.44
9,5289,1.72
9,5291,3.21
9,5292,2.14
9,5293,2.19
9,5294,2.12
9,5296,1.94
9,5298,1.18
9,5299,2.95
9,5301,2.21
9,5302,2.74
9,5308,1.97
9,5309,1.08
8,5311,2.57
8,5312,1.12
8,5315,1.32
9,5315,1.99
9,5317,2.02
9,5320,1.26
9,5321,2.67
3,5322,2.57
9,5322,2.1
9,5326,2.13
9,5329,1.58
9,5331,3.29
9,5332,1.96
9,5333,3.07
2,5334,2.1
3,5334,2.1
5,5334,4.94
6,5334,2.92
7,5334,2.92
8,5334,4.13
9,5334,4.13
9,5335,1.63
9,5336,2.07
9,5337,2.07
9,5340,0.67
8,5341,1.77
9,5343,2.91
9,5345,3.09
9,5346,1.16
9,5349,1.21
9,5351,2.69
9,5352,2.29
9,5354,1.58
9,5356,2.16
9,5357,1.84
9,5358,1.84
9,5359,2.36
9,5360,2.09
9,5361,2.54
8,5362,0.97
9,5366,2.1
9,5369,1.91
9,5370,1.67
9,5375,1.97
8,5376,1.68
8,5377,1.41
9,5378,2.36
9,5381,2.47
9,5382,1.46
8,5387,1.6
9,5387,1.6
1,5388,1.9
9,5388,1.9
9,5390,2.01
9,5391,3.04
9,5392,0.7
5,5398,1.96
8,5399,1.77
9,5399,1.77
9,5401,2.89
9,5404,1.24
8,5405,1.61
9,5405,3.2
8,5408,2.67
9,5408,1.48
9,5409,2.43
8,5412,1.32
9,5412,1.7
9,5416,1.89
8,5417,1.56
9,5417,3.42
9,5421,1.95
9,5422,2.07
8,5423,0.91
9,5424,1.9
9,5425,2.25
9,5427,2.49
9,5428,2.17
8,5431,0.81
8,5433,1.05
9,5434,1.04
9,5435,2.06
9,5438,1.92
9,5440,1.12
9,5441,0.67
9,5442,2.35
9,5443,1.78
9,5445,1.9
9,5447,3.04
9,5450,3.64
9,5451,1.61
9,5453,1.5
9,5455,1.52
9,5457,1.59
9,5458,2.01
9,5461,0.76
9,5462,1.44
9,5468,1.92
9,5469,2.59
9,5472,1.89
8,5474,1.22
9,5479,1.22
6,5483,1.98
8,5486,1.5
9,5487,2.09
9,5490,1.51
9,5492,1.54
9,5494,3.59
9,5497,2.63
9,5501,2.23
9,5502,1.84
9,5506,1.94
9,5509,1.98
9,5510,1.89
9,5516,1.86
9,5518,2.09
9,5521,2.23
8,5524,2.16
8,5527,1.75
9,5527,0.84
9,5528,2.31
9,5529,1.11
9,5530,1.68
9,5532,1.79
9,5536,1.78
9,5542,1.56
9,5544,1.84
9,5546,0.64
9,5547,1.9
9,5549,3.42
9,5550,1.99
9,5551,2.0
9,5552,1.05
9,5556,1.8
9,5557,2.78
9,5561,1.64
9,5562,1.24
9,5563,2.12
9,5572,1.8
9,5573,2.22
9,5577,3.0
9,5580,2.14
9,5581,3.42
9,5582,2.19
9,5585,2.97
8,5588,2.19
9,5590,0.69
9,5592,2.03
9,5593,1.68
8,5594,1.05
9,5595,3.02
9,5596,2.13
9,5600,3.21
9,5601,2.71
9,5602,2.66
9,5604,1.47
9,5606,1.16
9,5608,2.34
9,5609,3.24
9,5611,2.07
8,5612,0.98
9,5612,0.98
9,5615,2.22
9,5616,2.68
9,5617,2.62
9,5618,1.05
9,5620,2.19
9,5622,0.91
9,5623,1.23
9,5625,1.91
9,5627,4.38
8,5637,1.7
9,5637,0.54
9,5642,1.61
9,5644,2.02
9,5645,2.02
9,5646,1.31
8,5647,1.97
9,5647,2.43
9,5649,2.34
9,5652,1.02
9,5654,1.78
9,5655,2.45
9,5656,2.32
9,5659,1.86
9,5663,2.0
9,5665,1.94
9,5666,2.43
9,5667,3.33
9,5668,2.23
9,5670,2.09
9,5671,2.03
9,5673,3.5
9,5674,2.11
9,5676,2.15
8,5677,1.68
9,5677,1.68
9,5679,2.29
9,5683,1.61
9,5684,2.31
8,5688,3.05
9,5690,1.43
8,5691,1.65
9,5695,2.9
9,5696,1.78
9,5698,1.17
9,5702,2.09
9,5703,2.85
9,5705,2.12
8,5708,2.07
9,5709,2.96
3,5710,1.16
8,5710,1.16
9,5710,1.8
9,5711,2.9
8,5712,1.03
9,5715,3.31
9,5717,1.96
9,5721,2.32
9,5722,2.33
9,5724,1.81
9,5725,1.83
8,5726,0.89
9,5726,1.84
8,5727,1.59
9,5727,1.59
9,5728,2.88
9,5729,1.95
9,5730,1.89
9,5731,2.29
8,5736,1.36
9,5737,1.42
9,5738,3.56
9,5741,1.79
5,5743,1.75
9,5744,1.21
9,5746,2.61
9,5747,2.46
9,5748,2.03
9,5749,1.57
9,5754,3.39
9,5755,1.5
8,5757,1.99
9,5757,1.99
8,5758,1.6
1,5759,2.97
9,5759,2.14
9,5761,2.11
9,5763,1.43
6,5765,1.92
9,5767,1.52
9,5768,2.88
8,5770,2.12
9,5772,1.75
9,5774,1.94
9,5776,1.58
9,5777,1.82
9,5778,2.62
9,5781,2.33
9,5782,1.21
9,5783,2.16
9,5784,3.05
9,5786,1.66
9,5787,2.04
8,5790,1.76
9,5790,1.76
9,5795,1.94
9,5797,1.88
8,5799,1.01
1,5800,2.25
9,5800,2.25
9,5801,2.17
9,5802,1.38
9,5804,1.65
9,5805,1.93
9,5806,1.49
8,5807,1.63
9,5810,1.64
9,5816,1.89
1,5817,2.02
9,5818,1.52
9,5819,3.39
9,5821,1.38
9,5824,1.63
9,5826,2.36
9,5832,2.48
9,5834,2.22
8,5838,2.48
9,5839,1.89
9,5842,2.9
9,5843,1.79
9,5844,2.85
9,5846,1.98
9,5847,1.97
8,5848,2.57
9,5849,2.09
9,5853,4.91
8,5854,2.49
9,5854,1.73
9,5855,1.36
9,5856,2.14
9,5857,2.02
9,5858,1.2
9,5860,2.38
9,5862,1.4
9,5864,3.34
8,5865,1.48
9,5867,2.56
9,5869,1.23
8,5870,1.08
9,5870,1.69
9,5871,2.84
9,5872,2.05
9,5873,1.07
9,5874,1.99
9,5876,1.8
9,5877,2.09
8,5879,1.77
9,5881,1.91
9,5883,2.22
9,5886,3.54
9,5887,2.82
9,5890,1.39
9,5894,1.89
8,5898,2.76
9,5899,2.07
9,5900,1.77
9,5901,1.64
9,5902,2.33
9,5907,1.97
8,5909,2.93
9,5909,1.68
2,5911,2.4
9,5912,2.48
9,5913,2.13
9,5914,2.21
9,5915,2.81
9,5916,1.78
9,5921,4.14
9,5922,2.72
9,5927,1.46
8,5929,2.12
9,5935,2.08
9,5936,2.44
9,5937,1.6
8,5938,2.38
9,5939,1.65
9,5940,1.91
9,5941,2.21
9,5942,1.94
9,5945,2.82
9,5946,1.81
8,5947,2.01
9,5947,2.01
9,5948,2.09
9,5950,2.48
9,5951,1.64
9,5953,2.21
9,5955,1.8
9,5962,2.77
8,5963,2.21
1,5964,2.56
2,5964,1.78
3,5964,3.43
4,5964,1.78
5,5964,4.67
6,5964,1.78
7,5964,3.43
8,5964,3.06
9,5964,3.06
9,5965,1.55
9,5966,1.82
9,5971,1.31
8,5974,1.33
9,5976,1.84
9,5977,1.39
9,5979,2.89
9,5980,2.05
9,5981,1.12
9,5985,1.85
9,5988,1.93
9,5989,2.53
9,5991,3.12
8,5992,0.89
9,5992,0.89
9,5993,2.07
5,5995,1.96
9,5998,1.92
3,5999,1.69
8,5999,1.69
9,5999,2.45
9,6001,2.65
9,6006,1.71
9,6007,0.7
9,6011,2.58
9,6012,0.95
9,6014,1.7
9,6018,2.57
9,6019,1.74
6,6021,2.22
9,6025,2.95
9,6027,1.69
9,6030,1.93
1,6039,2.14
7,6039,2.14
9,6039,2.96
9,6040,2.16
9,6041,1.4
4,6042,2.24
9,6045,1.52
8,6046,1.42
9,6046,2.59
8,6049,2.04
9,6049,2.04
9,6050,2.04
9,6053,0.91
8,6055,0.86
9,6055,1.39
8,6056,0.92
9,6059,3.34
8,6060,1.52
9,6061,1.78
9,6062,1.69
9,6063,2.84
9,6065,2.23
9,6066,2.72
9,6068,1.69
9,6070,2.14
9,6073,2.39
9,6074,1.4
9,6078,1.85
9,6081,1.94
9,6082,1.86
9,6083,2.3
9,6089,1.96
9,6091,1.01
9,6092,1.63
9,6093,2.32
9,6097,1.96
9,6098,1.8
8,6099,1.23
9,6100,1.95
9,6101,2.3
9,6103,2.0
9,6105,1.89
9,6106,2.08
9,6107,2.28
9,6108,2.66
9,6109,3.86
8,6110,1.73
9,6112,1.53
9,6113,1.76
9,6116,1.0
9,6118,2.45
9,6119,1.84
9,6121,2.21
8,6122,1.98
9,6123,1.99
9,6126,3.74
9,6130,1.96
9,6131,2.05
9,6133,0.89
9,6137,2.47
8,6140,1.1
9,6144,2.08
9,6145,2.2
9,6150,0.86
9,6151,2.16
9,6152,2.46
9,6154,2.24
9,6155,1.6
9,6157,1.85
1,6161,1.25
9,6161,0.76
9,6163,1.49
9,6164,1.54
9,6166,0.81
8,6167,2.04
9,6167,2.04
9,6168,2.12
9,6170,2.99
9,6172,1.33
9,6178,2.77
9,6180,1.63
9,6182,1.81
9,6183,2.88
9,6184,2.35
9,6187,1.3
9,6189,2.1
9,6191,1.91
9,6195,2.16
9,6196,2.5
9,6198,2.71
9,6203,1.96
9,6204,3.11
9,6205,1.86
9,6206,1.65
9,6207,1.82
8,6208,0.64
9,6210,1.96
9,6212,3.77
9,6213,2.02
8,6217,1.87
9,6217,2.66
9,6219,3.07
9,6223,1.83
3,6224,2.26
9,6224,2.26
8,6226,2.34
9,6226,1.6
9,6227,1.29
9,6228,3.86
9,6230,3.79
9,6231,3.04
9,6232,2.02
9,6234,1.91
9,6235,3.69
9,6236,2.1
9,6237,2.48
9,6238,1.99
9,6239,2.13
9,6240,3.33
9,6241,2.4
4,6242,2.82
9,6243,2.0
9,6247,1.92
9,6249,1.3
9,6250,3.07
8,6252,0.85
9,6252,1.38
9,6254,1.79
9,6260,2.69
9,6261,1.69
9,6262,2.15
9,6266,2.04
9,6271,1.56
1,6273,2.97
2,6273,2.14
3,6273,2.14
5,6273,4.18
6,6273,2.97
7,6273,3.49
8,6273,3.88
9,6273,4.64
9,6277,3.02
9,6282,2.05
9,6284,2.93
8,6285,2.19
8,6286,1.97
9,6288,2.99
8,6292,2.03
9,6295,0.84
9,6297,1.97
9,6299,3.69
9,6300,2.0
9,6302,3.66
9,6303,1.63
9,6304,2.23
9,6306,2.25
9,6307,2.72
9,6310,1.63
9,6311,2.55
9,6313,2.32
5,6314,1.04
8,6316,1.43
9,6316,1.43
9,6319,3.12
9,6320,1.75
9,6321,2.01
9,6324,2.25
9,6325,1.63
9,6327,1.17
9,6328,1.52
9,6334,2.17
9,6335,2.46
9,6336,1.56
9,6337,2.72
9,6338,2.47
9,6339,1.26
9,6340,1.5
8,6341,1.24
8,6342,1.03
9,6342,1.62
9,6343,1.38
9,6345,2.55
9,6347,1.15
9,6348,3.9
9,6349,3.54
8,6350,1.03
9,6350,1.03
9,6353,1.8
9,6354,1.37
8,6356,2.23
9,6359,0.99
3,6362,2.47
9,6363,1.63
8,6364,0.65
9,6367,1.42
9,6369,2.2
9,6370,1.92
9,6374,1.43
8,6376,1.26
9,6376,1.26
9,6377,1.37
9,6378,0.87
9,6379,2.09
9,6381,2.25
9,6387,1.07
9,6389,2.5
8,6391,1.67
9,6391,1.06
8,6392,3.55
9,6393,0.9
9,6396,1.66
9,6397,1.87
1,6401,0.91
8,6401,0.53
9,6401,1.21
9,6402,1.63
9,6403,1.16
9,6404,2.14
9,6406,1.52
9,6407,1.55
9,6412,2.78
9,6413,1.14
9,6414,2.29
9,6416,1.97
8,6418,1.17
9,6418,1.17
8,6420,1.37
9,6421,0.81
9,6422,1.07
9,6424,1.2
9,6426,1.47
9,6428,0.93
9,6430,1.91
9,6431,2.04
9,6432,0.72
9,6434,1.65
9,6435,1.73
9,6439,1.6
9,6440,2.29
9,6443,2.61
9,6446,2.65
9,6450,1.0
8,6452,0.94
9,6453,2.2
9,6454,3.77
8,6455,1.55
9,6455,1.55
8,6456,1.29
9,6456,1.67
9,6457,0.9
9,6459,1.75
9,6461,1.03
9,6464,1.69
8,6465,2.36
9,6465,1.41
9,6466,1.13
9,6467,2.17
9,6468,2.11
9,6471,2.09
9,6472,1.02
9,6473,2.86
9,6474,2.87
8,6476,1.18
9,6477,2.51
9,6478,2.0
9,6479,1.85
9,6489,2.37
9,6490,1.15
9,6492,1.02
9,6493,2.13
9,6495,1.89
9,6496,1.37
9,6498,2.19
9,6499,0.94
9,6500,0.92
9,6501,2.11
9,6502,1.57
3,6503,1.61
9,6504,1.63
9,6505,1.71
9,6507,1.21
8,6510,1.16
8,6514,1.37
9,6520,1.64
9,6521,1.19
9,6523,2.82
9,6525,1.57
9,6526,4.44
9,6529,0.68
9,6531,2.12
9,6532,0.74
9,6535,1.98
9,6536,2.02
9,6538,2.06
9,6539,2.74
9,6544,2.67
9,6546,3.47
9,6547,2.46
9,6550,3.01
9,6552,0.98
9,6554,1.43
8,6555,1.06
9,6555,1.89
9,6557,0.83
8,6558,0.49
9,6558,1.39
9,6559,2.46
9,6562,1.19
8,6565,2.4
9,6565,2.89
9,6566,1.19
9,6568,1.73
9,6570,2.66
9,6571,2.9
9,6572,2.48
9,6574,2.76
8,6576,0.69
9,6576,0.69
8,6579,1.75
9,6580,1.27
8,6581,1.0
8,6582,0.51
9,6582,0.89
9,6584,1.86
8,6585,1.32
9,6585,2.0
9,6587,1.03
9,6588,1.2
9,6589,1.15
8,6590,2.01
9,6590,2.01
9,6593,1.67
9,6596,1.31
9,6598,2.43
9,6599,2.66
4,6600,0.65
9,6600,0.65
3,6601,0.62
9,6601,1.64
9,6602,1.1
9,6604,1.13
9,6605,1.63
9,6609,1.07
9,6613,1.05
9,6614,1.03
9,6615,1.93
1,6617,0.95
9,6618,3.1
8,6619,1.07
9,6619,1.07
8,6620,0.98
9,6620,1.77
1,6628,1.44
9,6628,1.44
9,6630,1.72
9,6631,1.21
1,6634,1.29
9,6638,1.47
9,6642,2.06
9,6647,1.17
9,6648,1.28
8,6652,1.04
9,6654,2.8
9,6655,2.04
9,6656,1.75
9,6657,2.04
9,6662,2.39
8,6663,1.21
9,6664,2.32
9,6665,2.83
9,6666,1.51
9,6667,1.65
9,6671,2.72
9,6672,2.48
9,6673,1.35
9,6675,2.48
9,6676,1.36
9,6678,2.04
9,6679,2.42
9,6681,1.84
5,6683,0.93
8,6683,0.93
9,6685,1.4
8,6687,1.29
1,6688,1.3
8,6693,1.05
9,6693,1.05
9,6694,2.01
9,6695,1.22
8,6696,0.66
9,6696,1.96
9,6697,1.32
1,6699,1.5
8,6701,1.29
9,6702,1.28
8,6704,1.44
9,6704,2.15
1,6706,1.74
9,6706,1.74
9,6708,1.87
9,6709,2.07
9,6710,1.81
9,6711,3.85
9,6714,2.44
9,6716,1.75
9,6718,1.11
8,6720,1.49
9,6720,2.69
8,6721,2.48
9,6726,1.93
9,6729,1.74
9,6730,1.0
8,6731,2.17
9,6733,3.12
5,6734,1.08
9,6734,2.11
9,6739,1.97
9,6741,1.51
8,6742,0.59
8,6743,0.65
9,6744,2.31
9,6745,2.17
9,6746,2.95
8,6748,1.13
9,6748,1.13
4,6750,1.01
9,6751,1.14
9,6752,3.89
9,6753,2.2
9,6755,2.19
9,6756,1.4
8,6757,2.06
9,6761,3.17
9,6763,2.91
9,6765,1.94
9,6766,2.01
9,6769,1.64
9,6770,2.9
9,6771,2.63
9,6773,2.6
9,6774,1.37
9,6775,2.5
9,6779,1.22
9,6781,2.3
9,6782,1.59
9,6783,2.58
9,6784,1.85
9,6790,1.91
9,6794,1.42
8,6795,2.91
9,6795,1.66
9,6796,3.11
9,6797,1.57
9,6798,1.94
9,6800,2.18
9,6803,2.85
9,6804,1.6
9,6806,1.63
9,6807,1.86
6,6808,0.83
9,6808,0.83
9,6810,2.66
9,6811,2.17
9,6812,0.99
8,6813,1.12
9,6813,2.78
9,6814,2.17
9,6816,1.99
9,6817,1.86
5,6818,0.71
9,6818,1.54
5,6819,2.51
9,6821,1.22
9,6822,1.04
9,6826,2.61
9,6827,1.83
9,6828,1.48
9,6832,2.7
9,6833,3.22
9,6837,2.54
8,6838,1.96
9,6838,2.41
8,6840,1.46
9,6841,2.6
9,6842,2.13
8,6843,1.72
9,6843,1.72
9,6844,1.16
9,6849,1.68
1,6850,1.51
9,6852,2.35
8,6853,1.18
9,6853,1.18
9,6854,1.83
9,6855,2.26
9,6856,0.99
9,6858,2.04
9,6859,2.62
9,6863,1.67
9,6864,1.78
9,6867,1.93
8,6868,1.38
9,6868,1.38
9,6872,1.43
9,6874,3.3
9,6876,3.54
1,6878,1.29
9,6880,1.29
9,6881,1.78
9,6882,1.05
9,6883,1.63
9,6884,2.45
8,6886,1.33
9,6888,1.5
9,6891,1.42
9,6892,1.28
8,6893,1.2
8,6894,0.53
9,6894,3.08
9,6896,5.82
9,6898,2.74
9,6900,0.96
8,6902,1.79
9,6902,1.16
1,6904,1.19
9,6904,2.61
9,6906,2.53
9,6907,1.32
9,6908,1.48
9,6909,1.0
9,6911,0.88
9,6913,1.1
9,6916,3.81
9,6918,1.4
9,6919,2.56
9,6920,1.05
8,6922,3.14
9,6922,2.05
9,6923,1.57
9,6924,1.4
9,6927,1.66
9,6930,1.48
9,6933,1.7
9,6935,1.62
8,6936,1.69
9,6940,1.86
9,6942,1.82
9,6945,1.98
9,6946,1.42
9,6948,1.77
9,6952,2.57
9,6953,1.69
9,6954,1.13
9,6956,2.49
8,6957,2.65
9,6957,1.47
9,6960,2.48
8,6962,1.52
9,6962,2.72
9,6963,1.92
9,6966,1.4
9,6967,1.89
9,6969,1.34
3,6971,2.44
1,6972,0.94
9,6974,1.32
1,6975,1.44
8,6975,2.15
9,6976,1.11
9,6977,1.83
9,6978,2.97
9,6979,2.44
9,6981,1.86
9,6982,2.25
9,6983,1.4
9,6984,1.5
9,6988,3.1
9,6989,2.04
9,6991,2.87
9,6994,2.6
9,6995,1.17
9,6999,1.07
9,7000,1.83
1,7001,1.79
5,7002,4.49
9,7003,1.51
9,7004,1.01
9,7007,2.94
9,7008,2.03
9,7010,1.45
9,7012,1.66
9,7013,2.3
9,7014,0.76
9,7016,2.45
3,7020,1.02
9,7020,1.02
9,7022,0.92
9,7023,1.54
9,7028,2.18
9,7031,1.51
6,7035,2.0
9,7035,2.8
9,7036,3.61
9,7038,1.87
9,7039,2.07
9,7040,2.39
9,7043,1.62
9,7044,1.03
8,7046,2.01
9,7047,1.46
9,7050,2.79
9,7053,0.86
9,7054,1.3
8,7055,0.81
9,7058,2.08
9,7059,2.06
9,7060,1.21
8,7061,1.6
9,7062,1.26
9,7066,2.61
9,7067,3.16
9,7069,1.57
9,7070,1.43
9,7071,1.61
9,7073,3.04
9,7076,1.84
9,7077,2.72
9,7078,1.99
9,7079,2.06
9,7083,1.87
9,7085,1.72
8,7089,1.09
9,7089,1.7
8,7090,1.21
9,7090,1.21
9,7091,1.84
9,7094,1.67
9,7095,2.02
8,7096,0.52
9,7097,1.87
9,7098,1.49
9,7099,1.6
9,7100,2.49
9,7103,2.1
9,7106,3.07
9,7108,2.06
8,7109,0.82
9,7111,2.2
3,7112,0.86
9,7112,1.39
9,7116,0.59
9,7118,1.44
9,7121,1.5
9,7123,1.87
9,7129,2.87
9,7133,2.17
9,7134,1.26
9,7135,0.42
9,7136,1.51
8,7138,2.07
9,7138,2.07
9,7140,3.27
9,7141,1.07
9,7143,1.21
9,7144,2.41
9,7145,1.71
9,7146,1.41
9,7149,1.97
9,7150,1.93
9,7151,1.61
9,7152,2.23
9,7153,1.7
9,7155,2.67
9,7156,1.65
9,7157,1.75
9,7158,1.16
1,7160,2.28
9,7162,2.0
9,7163,2.14
9,7164,3.35
9,7168,1.0
9,7171,1.36
9,7173,2.39
8,7176,1.59
9,7176,1.59
9,7178,1.25
9,7179,1.76
5,7180,1.7
9,7180,1.7
9,7182,1.3
9,7183,2.33
9,7184,1.19
9,7186,1.55
9,7187,3.39
9,7189,1.91
9,7191,1.59
9,7193,1.51
